nama,pengalamankerja,usia,nilaites1,nilaites2,hasilevaluasi
Evan Iwanicki,18,47,63,78,DIPERTIMBANGKAN
Herta Welfair,2,53,89,87,DIPERTIMBANGKAN
Roshelle Danbury,22,53,70,82,DIPERTIMBANGKAN
Husein Calow,30,45,79,91,DITERIMA
Tye Townson,27,38,95,56,DITERIMA
Lothario Strangward,3,52,61,83,DIPERTIMBANGKAN
Alphonse Crichten,30,55,65,76,DIPERTIMBANGKAN
Claudette Vanlint,23,50,61,91,DIPERTIMBANGKAN
Noemi Maddrell,30,31,91,83,DITERIMA
Valera Catherick,6,47,51,63,DIPERTIMBANGKAN
Roscoe Vallis,24,43,91,83,DITERIMA
Tiffi Meigh,30,44,71,49,DIPERTIMBANGKAN
Consalve Runham,13,28,90,61,DITERIMA
Magda Margaret,29,31,62,65,DIPERTIMBANGKAN
Osbourne Basant,24,33,69,86,DITERIMA
Alix Tarbath,5,43,86,86,DIPERTIMBANGKAN
Rosamund Deners,4,43,89,80,DITERIMA
Kordula Feechan,9,53,53,90,DITERIMA
Cooper Fleetwood,24,38,54,79,DITERIMA
Mahala Bosenworth,27,32,74,97,DITERIMA
Corbie Brilon,30,37,61,54,DITERIMA
Guenna Kauble,3,48,67,49,DIPERTIMBANGKAN
Tito Gallelli,29,43,76,58,DITERIMA
Augusta Braizier,10,28,77,66,DITERIMA
Hyatt Isworth,5,50,58,74,DITOLAK
Stillmann Uman,21,37,67,98,DITOLAK
Alida Peat,13,35,72,95,DIPERTIMBANGKAN
Lynett Nolleth,19,26,87,75,DITOLAK
Cynde Algie,5,33,49,80,DIPERTIMBANGKAN
Rafa Jeffers,18,26,47,100,DITOLAK
Nikolos Kenan,9,33,64,54,DITERIMA
Blythe Bosence,8,49,91,65,DIPERTIMBANGKAN
Hayyim Ridwood,28,33,53,63,DITERIMA
Genevieve Partington,8,47,81,95,DITERIMA
Adelle Colquit,26,47,96,52,DITERIMA
Jodi Tankard,11,37,92,56,DITERIMA
Peria MacRitchie,13,48,55,92,DITERIMA
Sapphire Oxburgh,24,32,92,70,DITOLAK
Quincey Remmer,19,42,99,62,DIPERTIMBANGKAN
Biron Hayers,10,29,86,53,DIPERTIMBANGKAN
Tessa MacBrearty,29,29,53,81,DIPERTIMBANGKAN
Angelle Chrstine,28,33,79,80,DITOLAK
Annabell Errichiello,9,55,96,74,DIPERTIMBANGKAN
Audre Hastewell,9,32,72,70,DIPERTIMBANGKAN
Huberto Dimock,30,41,68,70,DIPERTIMBANGKAN
Neron Allaker,16,26,67,46,DIPERTIMBANGKAN
Josie Standley,30,35,83,45,DIPERTIMBANGKAN
Tibold Mines,16,45,99,66,DITERIMA
Corrinne Faulder,15,31,90,57,DIPERTIMBANGKAN
Merry Lince,0,52,58,99,DITOLAK
Bart Dwyer,15,35,47,70,DIPERTIMBANGKAN
Tyrus Tewnion,23,45,67,62,DIPERTIMBANGKAN
Loni Galey,4,32,98,72,DITOLAK
Daisi Gillatt,3,29,89,53,DITERIMA
Durante Marti,9,38,69,71,DITERIMA
Lilla Artinstall,4,54,81,68,DITOLAK
Sula Trevance,21,51,93,54,DIPERTIMBANGKAN
Kirbee Marunchak,29,54,67,74,DITOLAK
Fidel Bruckenthal,10,28,99,57,DITERIMA
Evelina Prendergrast,8,32,78,77,DITERIMA
Cassandra Anthoine,23,35,69,92,DITERIMA
Belicia Ebbing,16,39,53,72,DITOLAK
Mattias Dymock,10,53,81,60,DITERIMA
Milo Screaton,30,43,46,59,DITOLAK
Bobina Matuskiewicz,5,55,86,79,DITOLAK
My Reddoch,14,48,46,83,DITERIMA
Nelia Linham,30,54,99,50,DITERIMA
Kayla Drepp,6,27,92,65,DITOLAK
Hyacinthe Bowhay,6,49,47,52,DITOLAK
Juana Kiehl,19,47,77,98,DITOLAK
Sascha Bicheno,1,30,79,96,DITERIMA
Kerrill Yuille,16,52,65,78,DITOLAK
Micheal Pucker,7,35,56,79,DITERIMA
Winifield Loude,29,55,98,60,DITOLAK
Lucretia Teale,21,36,61,56,DITOLAK
Rubin Flye,27,46,45,93,DIPERTIMBANGKAN
Jacquie Sitwell,7,31,57,69,DITOLAK
Jill MacPhail,2,52,54,65,DITOLAK
Binnie Sparke,29,31,76,95,DITOLAK
Rubi Neame,5,39,68,91,DITOLAK
Claretta Rountree,1,42,72,84,DITERIMA
Rheta Boulde,4,36,59,73,DITERIMA
Maurizia Van Merwe,5,26,90,63,DITOLAK
Betsy Skeene,29,53,58,100,DIPERTIMBANGKAN
Carla O'Rowane,20,38,72,91,DIPERTIMBANGKAN
Jordon McGreil,20,53,65,66,DITOLAK
Ad Castrillo,28,25,73,93,DIPERTIMBANGKAN
Molly Craiker,14,27,88,48,DITERIMA
Kayla Hugnot,13,29,50,93,DIPERTIMBANGKAN
Wylie Karlolczak,12,48,85,47,DITOLAK
Gray Landrick,3,27,95,57,DITOLAK
Maude Vallery,25,43,70,71,DITOLAK
Elke Larchiere,22,47,51,46,DIPERTIMBANGKAN
Gaultiero Rainer,12,54,81,55,DIPERTIMBANGKAN
Maurise Kleinmintz,7,25,64,74,DITERIMA
Wilden Eades,10,55,46,49,DITERIMA
Killian Matussow,6,27,91,55,DITERIMA
Monty Gian,18,32,59,82,DITERIMA
King Hanbury,13,43,57,64,DITOLAK
Minne Morton,5,40,86,54,DIPERTIMBANGKAN
Jere Harriman,25,48,77,87,DITOLAK
Morley Braganca,6,38,84,59,DIPERTIMBANGKAN
Nicky Alexsandrov,5,39,90,100,DIPERTIMBANGKAN
Faber Firpo,4,35,95,88,DITOLAK
Raye Keig,25,30,79,79,DITOLAK
Joeann Perell,14,28,62,55,DIPERTIMBANGKAN
Katine Varnam,30,53,68,73,DIPERTIMBANGKAN
Sascha Meehan,14,47,54,78,DIPERTIMBANGKAN
Nicole O'Cleary,14,31,77,92,DITERIMA
Tate Ledwith,30,28,71,65,DIPERTIMBANGKAN
Farra Brameld,22,30,54,66,DITERIMA
Duffie Dudman,21,38,100,85,DITERIMA
Fayre Hairsine,9,36,80,49,DITERIMA
Dorie Umpleby,28,38,86,50,DITERIMA
Bran Bish,6,25,96,95,DITERIMA
Janelle Patzelt,21,54,79,91,DIPERTIMBANGKAN
Calv Revington,5,25,51,90,DITOLAK
Yule Livick,13,41,51,86,DITOLAK
Cherilyn Stuehmeyer,1,25,87,66,DITOLAK
Cecil Gerg,30,51,88,74,DIPERTIMBANGKAN
Haslett Wynn,23,43,94,52,DIPERTIMBANGKAN
Thomasina Sleep,18,54,82,90,DITERIMA
Ax Adriaan,8,41,47,62,DIPERTIMBANGKAN
Aymer McDougle,9,45,65,64,DIPERTIMBANGKAN
Myer Greason,0,28,62,96,DIPERTIMBANGKAN
Edmon Estable,30,25,87,90,DITERIMA
Brigg Kendrick,9,27,61,47,DITOLAK
Anabelle Stairmond,28,26,56,62,DITOLAK
Moyna Bratton,1,32,63,60,DITOLAK
Cristine Cadge,10,37,49,60,DITOLAK
Timi Smees,22,40,86,68,DIPERTIMBANGKAN
Asher St. Leger,18,32,57,58,DITERIMA
Fawn Shave,3,30,66,86,DIPERTIMBANGKAN
Manya Charlson,9,50,54,53,DIPERTIMBANGKAN
Nell Bridden,9,34,71,72,DITERIMA
Jourdan Dioniso,27,35,80,72,DITERIMA
Eda Mattimoe,3,44,67,56,DIPERTIMBANGKAN
Joanie Micheau,25,30,76,60,DITOLAK
Hughie Wong,24,38,87,97,DIPERTIMBANGKAN
Tilly Serrurier,30,31,50,96,DIPERTIMBANGKAN
Nickolaus Dreng,30,52,84,59,DITOLAK
Desiri Faire,14,36,71,86,DITERIMA
Flossi Jacobovitz,7,36,80,93,DITOLAK
Carmita Mammatt,30,42,74,90,DITOLAK
Layney Mustin,7,46,66,59,DIPERTIMBANGKAN
Elvira Petrillo,8,54,90,49,DITOLAK
Sidney Bergen,5,42,53,89,DIPERTIMBANGKAN
Livia de Pinna,18,35,88,93,DITOLAK
Nevil Blase,17,30,65,60,DITOLAK
Parker Harroway,28,34,84,67,DITERIMA
Onofredo Rouse,29,50,98,50,DITERIMA
Kally Suermeiers,15,47,89,52,DITOLAK
Joella Georgiades,9,46,64,63,DITERIMA
Hanson Carruth,9,41,76,51,DIPERTIMBANGKAN
Xerxes Ciardo,10,51,68,52,DITERIMA
Mitchel Rantoull,22,46,74,99,DITERIMA
Sherie Bolesma,25,55,47,78,DITERIMA
Marline Ager,24,34,48,90,DIPERTIMBANGKAN
Basilius Cottem,22,33,48,57,DITOLAK
Rafi Rains,14,50,84,86,DIPERTIMBANGKAN
Gilli Olivo,18,43,78,79,DIPERTIMBANGKAN
Paulette McElree,16,40,90,72,DITOLAK
Lodovico Stemp,8,40,94,94,DITERIMA
Pru Huonic,8,43,53,91,DIPERTIMBANGKAN
Sandro Oki,22,48,64,79,DIPERTIMBANGKAN
Pammie Crommett,4,35,52,76,DITOLAK
Mikkel D'Antuoni,30,29,100,66,DIPERTIMBANGKAN
Maybelle Gisbye,28,37,79,45,DIPERTIMBANGKAN
Brew Schroder,3,52,63,94,DIPERTIMBANGKAN
Crystie Boeter,27,41,45,83,DITERIMA
Gabbi Strood,4,27,84,47,DITERIMA
Chantal MacCartair,7,51,85,64,DITOLAK
Gerda Bounds,25,53,45,64,DIPERTIMBANGKAN
Miof mela Januszewski,30,29,96,76,DIPERTIMBANGKAN
Deanna Phant,26,25,78,76,DITERIMA
Ambrosius Forgie,24,43,53,100,DITOLAK
Charity Pawlowicz,9,27,89,49,DIPERTIMBANGKAN
Carey Matveichev,9,43,91,92,DITERIMA
Alvie Renackowna,19,26,72,63,DIPERTIMBANGKAN
Faye Leathart,1,50,86,92,DIPERTIMBANGKAN
Kylila Sorton,8,26,69,92,DITOLAK
Pavla Brymham,17,26,86,76,DITERIMA
Mair Grimsley,24,38,69,85,DIPERTIMBANGKAN
Jayne Duffett,9,38,93,96,DITOLAK
Ruperto Buckel,22,40,51,78,DIPERTIMBANGKAN
Fransisco Sandal,22,36,63,72,DIPERTIMBANGKAN
Trina Dunseath,15,32,68,80,DITERIMA
Warde Mechic,26,48,68,78,DITOLAK
Geoffrey Aingel,15,41,78,68,DIPERTIMBANGKAN
Minda Krolman,7,40,48,48,DITOLAK
Cos Titta,18,27,76,92,DIPERTIMBANGKAN
Evy Haws,10,52,61,58,DITOLAK
Carri Restieaux,10,34,51,83,DIPERTIMBANGKAN
Benoit Viccary,15,49,55,58,DIPERTIMBANGKAN
Dmitri Ramstead,2,26,52,63,DIPERTIMBANGKAN
Reube Borg,28,47,86,53,DIPERTIMBANGKAN
Monte Headingham,22,54,73,79,DIPERTIMBANGKAN
Ryley Billyeald,14,55,58,86,DITOLAK
Feliks Boas,18,38,73,63,DIPERTIMBANGKAN
Pattie Cavell,16,54,95,53,DITOLAK
Carl Blackborow,20,29,79,70,DIPERTIMBANGKAN
Tobi Sparrow,17,28,62,46,DIPERTIMBANGKAN
Darb Desesquelle,4,37,50,91,DIPERTIMBANGKAN
Dexter Harler,8,54,71,85,DITOLAK
Kalina Hurdle,25,37,64,79,DITOLAK
Fredra Grossier,9,44,84,97,DIPERTIMBANGKAN
Kay Crudgington,15,25,100,80,DITERIMA
Abbe Clutheram,19,28,45,84,DITERIMA
Maurine Alldred,10,37,90,70,DITOLAK
Reine Franzettoini,13,46,66,82,DITOLAK
Nona Boddis,14,31,58,100,DITERIMA
Odele Scamadine,13,33,49,96,DITERIMA
Euphemia Hodges,3,46,60,83,DIPERTIMBANGKAN
Maureene Spender,25,25,67,82,DITERIMA
Miranda Kloss,2,39,58,86,DITOLAK
Sharia Moore,12,29,78,100,DITOLAK
Darrick Laible,17,34,92,91,DIPERTIMBANGKAN
Aleta Denerley,29,55,66,51,DIPERTIMBANGKAN
Mavra Fenix,29,44,50,91,DITOLAK
Marty Girardi,13,32,78,87,DIPERTIMBANGKAN
Misti Perfili,23,48,68,97,DITOLAK
Ashleigh Yakunchikov,5,28,67,81,DITERIMA
Brietta Born,22,43,53,69,DITERIMA
Jonah Van Der Vlies,7,38,45,69,DITERIMA
Hunt Oulner,1,42,92,61,DITERIMA
Marcelle Folkes,0,44,48,79,DIPERTIMBANGKAN
Laina Ellard,24,49,81,69,DITOLAK
Obadias Asche,4,43,51,73,DITOLAK
Agustin Bastin,10,53,92,47,DITERIMA
Rabi Braithwait,28,28,67,69,DITERIMA
Leigha McDill,10,33,75,52,DIPERTIMBANGKAN
Myriam Van de Velde,20,54,69,99,DITOLAK
Leila Borne,11,29,80,56,DITOLAK
Alphonse Paulsson,14,33,52,69,DITOLAK
Nicolais O'Flaverty,14,44,72,89,DITOLAK
Clarie Heaford,25,49,69,86,DITERIMA
Alphonso Drayn,14,51,77,73,DITERIMA
Amelie Pickthall,19,27,72,69,DIPERTIMBANGKAN
Cathleen Gaspard,7,44,72,53,DIPERTIMBANGKAN
Jewell Cotton,11,37,56,79,DITOLAK
Dalt Solano,4,41,71,62,DIPERTIMBANGKAN
Ingmar Farrans,14,33,52,62,DITOLAK
Ross Curnow,4,27,74,74,DITERIMA
Ronny Glayzer,19,51,63,89,DIPERTIMBANGKAN
Emilia Woodhead,24,46,57,66,DITERIMA
Cash McParland,19,35,59,75,DITOLAK
Thacher Linskey,9,42,80,46,DITOLAK
Tomas Sandell,14,54,62,45,DITOLAK
Libbie Prosch,17,50,84,98,DITERIMA
Aubrie Scoullar,26,29,59,94,DIPERTIMBANGKAN
Jesus Robshaw,6,45,89,80,DITERIMA
Giulia Stockill,16,31,75,51,DITERIMA
Austin Drinkall,22,35,63,86,DITOLAK
Stillman Bennetto,5,39,85,83,DITOLAK
Lula Doogue,19,30,78,75,DIPERTIMBANGKAN
Urbain Lynch,27,38,75,61,DITERIMA
Rem Gadsdon,16,38,85,92,DITERIMA
Martguerita Chew,20,28,98,79,DITERIMA
Gwendolin Paddison,10,42,98,93,DITOLAK
Dee Kelleher,1,42,78,77,DITOLAK
Clair Whelan,27,47,98,100,DITOLAK
Tabina O'Hallihane,26,50,53,85,DITOLAK
Michele O'Collopy,24,36,64,50,DITERIMA
Lazaro Tonbridge,8,34,76,77,DITERIMA
Trace Axe,12,40,52,65,DITERIMA
Errol Roseaman,17,30,60,78,DIPERTIMBANGKAN
Amata Ching,18,37,87,64,DITERIMA
Neill Schroeder,30,28,73,99,DITERIMA
Xenia Smidmoor,10,46,66,92,DITOLAK
Carry Antcliff,0,36,68,57,DITOLAK
Dane Carlan,14,42,56,46,DIPERTIMBANGKAN
Clair Dallicoat,25,43,96,62,DITOLAK
Berget Jillett,9,50,61,72,DITERIMA
Lillis Largen,18,54,82,70,DIPERTIMBANGKAN
Clayborne Sinclaire,8,38,84,85,DIPERTIMBANGKAN
Delainey Spry,27,48,63,95,DIPERTIMBANGKAN
Elfrieda Charrier,16,25,93,100,DIPERTIMBANGKAN
Lannie Laugharne,13,27,45,69,DIPERTIMBANGKAN
Conn Ivankov,12,38,87,88,DITERIMA
Petr St Louis,24,48,100,54,DIPERTIMBANGKAN
Rey Bluschke,16,38,73,65,DITOLAK
Ardeen Zack,6,32,55,78,DIPERTIMBANGKAN
Dione Wrankling,7,39,72,45,DITOLAK
Templeton Thoms,21,52,93,93,DIPERTIMBANGKAN
Tremayne Moxley,15,47,98,90,DITERIMA
Esmaria Denys,4,47,62,99,DITERIMA
Nevile Hasney,16,50,74,71,DITOLAK
Lauri Syvret,3,37,86,71,DITERIMA
Claresta Gon,8,49,68,49,DIPERTIMBANGKAN
Riane Lyster,16,46,56,91,DITERIMA
Shellie Antley,0,27,74,100,DIPERTIMBANGKAN
Nels Batiste,18,32,87,78,DIPERTIMBANGKAN
Frederic Lassey,19,54,89,98,DIPERTIMBANGKAN
Elbertina Lathleiffure,17,26,81,50,DIPERTIMBANGKAN
Neal Brown,12,53,52,87,DIPERTIMBANGKAN
Gery Delacroux,25,34,86,48,DITERIMA
Chico Goundry,22,41,76,57,DITOLAK
Wilbert Hadwin,9,42,90,81,DITOLAK
Orion Garr,13,43,81,61,DIPERTIMBANGKAN
Blinni Govey,17,26,50,80,DITOLAK
Gleda Zohrer,3,35,99,55,DITOLAK
Reine Risdale,11,27,57,80,DITOLAK
Wilton Coldham,28,45,56,96,DITERIMA
Fremont Parnaby,21,41,96,65,DITERIMA
Coriss Haithwaite,29,50,54,95,DITERIMA
Putnem Simons,13,51,47,92,DITERIMA
Dosi Siward,19,37,47,46,DITOLAK
Steward Ohlsen,27,36,70,81,DIPERTIMBANGKAN
Torey Crudge,27,50,62,69,DIPERTIMBANGKAN
Evangelin Dri,18,49,90,71,DITOLAK
Colline Glidder,8,37,81,87,DITERIMA
Meggi Schonfeld,22,25,62,66,DIPERTIMBANGKAN
Noni Billett,8,39,63,63,DITOLAK
Meggi Ivanyushin,11,50,96,76,DIPERTIMBANGKAN
Trever Duckels,27,45,85,54,DIPERTIMBANGKAN
Gerladina Lackington,20,53,81,61,DIPERTIMBANGKAN
Vivianne Dicke,19,29,61,68,DIPERTIMBANGKAN
Marcella Arnould,5,30,99,69,DIPERTIMBANGKAN
Sadella Petriello,25,51,58,74,DITOLAK
Catriona Andrea,8,44,99,70,DITOLAK
Wilma Ruggier,30,46,92,95,DITERIMA
Tremayne Gallard,21,44,52,79,DIPERTIMBANGKAN
Gwynne Chatto,24,32,90,76,DIPERTIMBANGKAN
Arlan Begwell,15,47,72,57,DITOLAK
Meredithe Moggach,19,28,100,45,DITOLAK
Brandtr Jamrowicz,4,43,91,71,DITERIMA
Celestine McShee,20,38,45,60,DITERIMA
Avie Scurlock,15,33,98,69,DITOLAK
Hildegarde Doorly,25,38,50,51,DIPERTIMBANGKAN
Eartha O'Kennedy,13,45,61,82,DIPERTIMBANGKAN
Curtice Orrah,17,32,58,87,DITERIMA
Julee Pease,25,43,61,76,DITOLAK
Clara Lagden,19,31,95,54,DITERIMA
Alana Marr,14,31,75,93,DITOLAK
Sybilla Lupson,2,36,48,96,DIPERTIMBANGKAN
Traver McCurlye,2,40,93,64,DITOLAK
Anthe Wyett,19,54,52,49,DITOLAK
Kara-lynn Walstow,27,49,58,65,DIPERTIMBANGKAN
Maitilde MacCorley,12,33,60,99,DITOLAK
Trina Gregoretti,13,47,50,82,DITERIMA
Kally Riccardi,22,36,71,86,DIPERTIMBANGKAN
Alasteir O'Brian,17,39,61,98,DITOLAK
Shandie Lakey,19,30,81,62,DIPERTIMBANGKAN
Sorcha Durning,9,33,95,89,DITOLAK
Aubrie Eaden,22,54,84,94,DITERIMA
Elfreda Saura,29,50,62,66,DITERIMA
Rubina Duplan,0,28,70,56,DIPERTIMBANGKAN
Innis Pogson,0,44,45,59,DIPERTIMBANGKAN
Odelia Wollacott,3,37,64,66,DITOLAK
Diandra Wickstead,18,37,77,54,DITERIMA
Trudey St Clair,11,35,80,74,DITOLAK
Jefferey Amner,3,55,59,77,DIPERTIMBANGKAN
Enrika Silburn,23,31,72,50,DITOLAK
Othella Spurman,28,49,98,95,DITOLAK
Anastassia Sellstrom,24,27,65,80,DITERIMA
Elizabet Blackadder,21,31,86,79,DIPERTIMBANGKAN
Nellie Lemonby,7,35,78,63,DIPERTIMBANGKAN
Steward MacCague,14,50,100,51,DIPERTIMBANGKAN
Valdemar Witcherley,1,51,81,91,DITOLAK
Ursuline Maffini,18,42,95,69,DIPERTIMBANGKAN
Pearline Meese,14,31,96,66,DITOLAK
Abbe O'Heneghan,11,51,95,47,DITERIMA
Dev Petrie,0,26,93,56,DITOLAK
Mal McCotter,22,52,72,79,DITERIMA
Aundrea Parade,4,44,61,79,DITOLAK
Celina O'Neary,21,36,100,53,DITERIMA
Marcellus Stellino,14,26,98,76,DITOLAK
Elmer Manginot,8,37,46,92,DITOLAK
Clim Tillerton,1,43,64,53,DITOLAK
Garwood Shaddock,24,26,56,83,DIPERTIMBANGKAN
Melessa Asals,18,41,77,79,DITERIMA
Chere Huie,28,27,54,67,DIPERTIMBANGKAN
Danila Lumsden,15,31,54,69,DITERIMA
Boony Sporle,25,41,77,56,DIPERTIMBANGKAN
Boniface Dohmer,10,50,56,86,DITOLAK
Kaia Connold,10,45,70,55,DITERIMA
Jessika Siviter,26,32,58,94,DITOLAK
Corey Braam,13,35,63,65,DIPERTIMBANGKAN
Fredrick Wadlow,3,28,99,77,DITOLAK
Heath Abthorpe,29,46,71,93,DITERIMA
Jude Guido,26,47,90,76,DIPERTIMBANGKAN
Trudi Ivamy,28,54,92,85,DITERIMA
Aleda Wrathall,19,30,93,85,DITOLAK
Rand Penvarden,30,44,51,49,DITOLAK
Skipton Piwell,30,37,53,66,DIPERTIMBANGKAN
Archy Sudworth,7,55,97,56,DIPERTIMBANGKAN
Waverley Bedward,22,48,52,57,DITOLAK
Frederigo Ennever,13,32,93,56,DITOLAK
Chicky Josham,18,33,45,99,DITERIMA
George Burmaster,25,44,55,59,DITERIMA
Martguerita Berceros,19,45,77,47,DITOLAK
Casandra Seabrooke,27,27,80,53,DIPERTIMBANGKAN
Jolyn Ferriman,11,28,86,76,DITERIMA
Garfield Eversley,14,47,45,52,DITOLAK
Amii Killock,5,55,65,63,DIPERTIMBANGKAN
Edlin Burgoin,6,43,95,59,DIPERTIMBANGKAN
Rutter Huckle,12,54,79,68,DIPERTIMBANGKAN
Brynn Luno,21,53,45,84,DIPERTIMBANGKAN
Sarine Cawdery,4,42,87,52,DIPERTIMBANGKAN
Cullin Moncreiff,22,37,54,86,DITERIMA
Corrina Coyne,19,35,48,78,DITOLAK
Matty Winnard,29,39,55,80,DITOLAK
Brittani Lanston,17,40,72,55,DITERIMA
Neal Delepine,13,28,97,77,DIPERTIMBANGKAN
Falito Robel,10,25,55,85,DIPERTIMBANGKAN
Maude Ber,22,47,77,51,DITOLAK
Tome Calterone,2,52,63,79,DITOLAK
Nickey Hodgen,10,46,70,63,DIPERTIMBANGKAN
Gaylord Kryska,7,41,60,71,DITOLAK
Raymund Bale,28,42,99,96,DITOLAK
Ariana Rispine,5,27,57,73,DITOLAK
Wat Trainor,21,35,95,51,DITERIMA
Suzette Renouf,21,28,82,77,DIPERTIMBANGKAN
Kellyann Cotgrove,8,37,88,52,DIPERTIMBANGKAN
Barnie Murtell,6,30,51,54,DITERIMA
Lemuel Cossey,13,27,93,86,DITOLAK
Celle Archibold,14,49,47,90,DIPERTIMBANGKAN
Freddy Donner,19,39,83,72,DIPERTIMBANGKAN
Marley Humblestone,17,53,56,63,DITOLAK
Sheela Garlick,2,47,52,56,DITOLAK
Myra Friedank,11,32,61,86,DITERIMA
Sherwin Mathouse,27,49,80,68,DITOLAK
Elbert McCumskay,1,35,46,62,DIPERTIMBANGKAN
Joan Guise,1,45,54,60,DITERIMA
Rosana Probart,29,47,67,58,DIPERTIMBANGKAN
Olenolin Goward,25,43,84,48,DITOLAK
Victor Groves,15,55,77,84,DITERIMA
Brett Krook,25,47,100,54,DITOLAK
Preston Orrom,7,35,59,84,DITERIMA
Chrissy Brambill,0,48,81,85,DITOLAK
Akim McGrane,1,29,99,84,DITOLAK
Chloe Giacubo,20,52,47,62,DIPERTIMBANGKAN
Rossie Corbie,10,38,71,57,DITERIMA
Kris Guite,27,40,74,52,DIPERTIMBANGKAN
Nanete Habershon,15,45,69,58,DIPERTIMBANGKAN
Vikky Dearl,4,30,84,86,DITOLAK
Norma Setch,6,46,63,96,DITERIMA
Liesa Crawshaw,21,46,55,89,DIPERTIMBANGKAN
Brodie Shaxby,0,51,100,57,DITOLAK
Damaris Harwell,1,43,52,82,DITERIMA
Jorey Defau,4,37,89,94,DITERIMA
Carleen Barefoot,13,26,46,50,DITERIMA
Jilly Caulder,0,35,74,50,DITERIMA
Benson Ward,2,36,59,62,DITOLAK
Glory Greeves,15,53,51,84,DITERIMA
Kean Gibben,22,29,81,89,DIPERTIMBANGKAN
Wilie Odney,15,27,92,49,DIPERTIMBANGKAN
Evey Bendle,19,52,49,51,DITERIMA
Ardyce Sollett,6,43,83,46,DIPERTIMBANGKAN
Morie McKeeman,16,50,92,66,DITERIMA
Deny Aizikovitch,10,37,58,78,DIPERTIMBANGKAN
Tiphanie Rawlence,22,49,80,93,DIPERTIMBANGKAN
Arvie Fairlam,10,33,83,90,DIPERTIMBANGKAN
Florri Ponten,16,38,99,86,DITERIMA
Igor Pllu,25,30,80,54,DIPERTIMBANGKAN
Monro Wadforth,6,25,92,94,DIPERTIMBANGKAN
Lemar Tayt,5,44,72,81,DIPERTIMBANGKAN
Lela McGeaney,16,35,93,82,DIPERTIMBANGKAN
Reena Clarkin,4,42,46,50,DIPERTIMBANGKAN
Trueman Pepin,5,49,90,87,DIPERTIMBANGKAN
Gregory Charlton,30,32,83,65,DIPERTIMBANGKAN
Wallache Bolte,9,41,81,47,DITOLAK
Eba McHugh,24,42,75,87,DIPERTIMBANGKAN
Mayne Grinyer,21,50,54,86,DIPERTIMBANGKAN
Jody Sallings,8,43,87,95,DITERIMA
Maegan Rochewell,4,54,65,95,DIPERTIMBANGKAN
Rickie Tongs,29,36,68,76,DITERIMA
Sula Curedell,26,49,80,99,DITERIMA
Sylvia Opfer,3,41,81,55,DITERIMA
Henrie Blabber,28,55,92,67,DITOLAK
Lolita Fishpoole,4,38,85,75,DITOLAK
Massimiliano Wallsworth,16,34,86,45,DITERIMA
Lacie Slorach,0,37,92,56,DITOLAK
Travus Maxsted,27,37,76,83,DITERIMA
Aldo McCreadie,8,46,67,70,DIPERTIMBANGKAN
Broddie Gravet,14,28,58,68,DIPERTIMBANGKAN
Nathanial Hackworthy,25,41,93,75,DITOLAK
Bary Winnister,15,28,71,64,DIPERTIMBANGKAN
Silvester Bertenshaw,29,55,81,85,DIPERTIMBANGKAN
Berkly Maylin,21,32,56,100,DITERIMA
Codi Blumson,21,52,77,68,DITOLAK
Grethel O'Halleghane,26,29,93,68,DITERIMA
Paula Garstan,26,43,77,94,DIPERTIMBANGKAN
Harriett Scraggs,21,45,65,77,DITOLAK
Rahal Gierardi,29,43,63,46,DITOLAK
Ammamaria Fredy,3,27,53,53,DIPERTIMBANGKAN
Spike Eggers,17,52,55,74,DITOLAK
Tyson Simonett,13,52,78,93,DIPERTIMBANGKAN
Correna Walkden,21,37,97,55,DITOLAK
Noah Channing,13,42,77,99,DITOLAK
Anestassia Finden,29,25,69,90,DITERIMA
Gregor Tedridge,14,44,51,100,DITOLAK
Mufi Tuison,2,31,71,89,DIPERTIMBANGKAN
Lishe Rentelll,7,43,70,100,DITERIMA
Berkly Angear,26,43,53,72,DITERIMA
Bendite Dankersley,28,25,91,79,DITOLAK
Pat Soda,20,54,86,93,DITERIMA
Rafaela Ormonde,0,29,71,90,DITOLAK
Dollie Slessor,11,32,98,99,DITOLAK
Russ Kob,20,44,88,91,DITOLAK
Karina Bedle,7,52,77,67,DITOLAK
Calvin Mille,2,55,49,59,DITOLAK
Tedman Scurfield,28,32,58,69,DITERIMA
Karlotta Serraillier,6,44,80,86,DITOLAK
Erica Meredith,1,35,57,66,DIPERTIMBANGKAN
Marius Sterte,14,49,59,88,DIPERTIMBANGKAN
Leslie Scothorn,8,32,92,88,DITERIMA
Bowie De Caville,16,35,80,91,DITOLAK
Manuel Wildsmith,12,48,93,94,DITERIMA
Curtice MacColm,20,46,85,87,DITERIMA
Staffard Dewfall,20,47,92,47,DITERIMA
Steven Lowey,11,42,90,45,DIPERTIMBANGKAN
Lothaire Blackie,26,37,52,76,DITERIMA
Eolande Southcombe,29,52,88,72,DITERIMA
Glory Shovlar,4,55,83,95,DITOLAK
Ofelia Zaczek,18,52,50,97,DITERIMA
Jo Moutray Read,22,52,86,50,DITOLAK
Vernor Robelet,20,45,98,59,DITERIMA
Dani Spier,17,46,75,88,DITERIMA
Alexandr Corwood,14,40,50,64,DIPERTIMBANGKAN
Jerrie Lum,20,55,76,89,DITOLAK
Gardie Brobak,2,38,100,56,DITERIMA
Napoleon Moylan,17,34,92,59,DITERIMA
Dania Myott,1,30,75,49,DIPERTIMBANGKAN
Ivar Berzen,4,55,47,45,DIPERTIMBANGKAN
Norina Cocher,16,25,79,65,DIPERTIMBANGKAN
Renaud Capnerhurst,19,27,51,55,DIPERTIMBANGKAN
Sarette Standbrooke,30,25,68,55,DIPERTIMBANGKAN
Rhianna Terbrugge,29,43,47,94,DIPERTIMBANGKAN
Gavan Bernollet,1,33,60,85,DITERIMA
Ynez Smewin,24,42,47,75,DITERIMA
Adamo Duggen,19,28,70,78,DITOLAK
Miquela Ambrogi,17,52,77,73,DITERIMA
Seward Larham,10,31,58,95,DITOLAK
Bobinette Moniker,20,50,78,66,DITERIMA
Rutledge Alvey,2,51,73,85,DITOLAK
Deck Alessandone,5,25,55,67,DIPERTIMBANGKAN
Lurlene Mapother,13,54,76,58,DIPERTIMBANGKAN
Eberto Jackman,11,42,98,63,DITERIMA
Payton Jurewicz,20,38,94,77,DIPERTIMBANGKAN
Clara Folomkin,30,43,56,90,DITERIMA
Sophia Langeren,18,47,100,96,DITERIMA
Zoe Penk,17,27,68,71,DIPERTIMBANGKAN
Rozelle Leggis,26,36,47,45,DITOLAK
Isaak Paske,5,55,82,82,DITERIMA
Francklin Vanderplas,24,48,53,53,DIPERTIMBANGKAN
Kristen Morfell,23,37,99,83,DITOLAK
Burtie Flatte,2,44,91,77,DITOLAK
Dom Shrubsall,12,39,97,69,DIPERTIMBANGKAN
Cherise Tune,16,36,46,77,DIPERTIMBANGKAN
Lorette Heaney,29,48,67,88,DIPERTIMBANGKAN
Sandor Benedetti,24,46,89,51,DITERIMA
Niels Terzza,10,53,65,73,DITOLAK
Dita Hartgill,15,53,84,67,DITERIMA
Jeanelle Btham,28,53,79,71,DIPERTIMBANGKAN
Muhammad Behning,18,51,59,47,DITOLAK
Xavier Ferriby,7,40,55,88,DITERIMA
Moll Crocumbe,14,49,61,77,DITERIMA
Corri Quinnet,8,53,58,69,DIPERTIMBANGKAN
Bil Aaronsohn,27,37,64,48,DITERIMA
Odelinda Purviss,27,29,93,68,DITOLAK
Deane Thurman,29,35,95,73,DITERIMA
Truman Buckthorp,15,29,100,64,DIPERTIMBANGKAN
Dennie Vettore,20,42,46,83,DIPERTIMBANGKAN
Melinda Schulze,3,42,80,61,DITERIMA
Rebekah Reveland,30,39,70,74,DIPERTIMBANGKAN
Ketty Prugel,4,28,69,93,DITOLAK
Hetty Perllman,21,31,51,95,DITERIMA
Jerad Goldhill,26,41,54,100,DITOLAK
Trumann Feehely,16,41,78,99,DITERIMA
Imojean Greatreax,0,48,96,57,DITERIMA
Zachary Simecek,4,45,59,47,DITERIMA
Sherlocke Dubery,27,37,73,86,DITERIMA
Cullie Rockliffe,2,50,69,56,DITERIMA
Benton Canacott,30,52,56,54,DIPERTIMBANGKAN
Gradey Hanalan,1,45,93,73,DITERIMA
Carine Yoakley,18,41,59,46,DIPERTIMBANGKAN
Tully Pimm,14,52,85,78,DITERIMA
Byrann Germann,9,25,91,51,DITERIMA
Rainer Haddick,27,37,97,83,DITERIMA
Karrah Conti,2,39,74,81,DITOLAK
Mikkel Urling,30,40,71,52,DIPERTIMBANGKAN
Jenifer O'Geaney,17,36,50,92,DIPERTIMBANGKAN
Lanie Dobbing,15,35,79,80,DIPERTIMBANGKAN
Daren Becom,11,38,73,78,DITERIMA
Chaim Camilleri,26,30,54,79,DITERIMA
Tiffie Roderighi,27,36,57,53,DITERIMA
Sheree Constantine,17,26,99,97,DITERIMA
Shaun Aindrais,15,49,60,70,DITOLAK
Hedwiga Carrington,7,41,91,80,DIPERTIMBANGKAN
Even Sherrell,14,48,73,99,DITOLAK
Claudina Lambert-Ciorwyn,21,26,97,55,DITERIMA
Norrie Ingamells,11,47,67,66,DIPERTIMBANGKAN
Cameron Crowd,23,37,58,86,DITOLAK
Chas Scholl,8,33,77,94,DITOLAK
Oliver Orchart,18,38,73,58,DIPERTIMBANGKAN
Annadiane Prangle,23,33,93,79,DITOLAK
Wren Sedgemore,17,31,61,50,DITOLAK
Walsh Stannislawski,7,33,83,47,DIPERTIMBANGKAN
Cathleen Ashburner,29,51,55,89,DITOLAK
Sydelle Tookill,9,27,76,52,DITERIMA
Aron Butchard,17,39,75,93,DIPERTIMBANGKAN
Binnie Tym,18,47,47,95,DITOLAK
Wanids Lattka,17,26,66,87,DITERIMA
Susanne Golda,28,31,82,94,DIPERTIMBANGKAN
Manya Grahlmans,25,33,65,99,DIPERTIMBANGKAN
Thaddeus Malloch,16,29,47,96,DITERIMA
Ddene Pionter,3,38,93,79,DIPERTIMBANGKAN
Benoit Haffard,8,25,89,77,DITOLAK
Damien Wardlow,15,54,76,65,DITERIMA
Amata Tours,19,51,99,61,DITOLAK
Neale Lashford,27,31,81,100,DITOLAK
Nora Caldron,12,35,99,76,DIPERTIMBANGKAN
Liza Slatcher,2,48,57,64,DIPERTIMBANGKAN
Yul Sowter,16,53,65,63,DITOLAK
Maurizia Chestnutt,21,32,94,98,DITERIMA
Anabel Jendrassik,20,50,68,70,DIPERTIMBANGKAN
Jamaal Tilbrook,12,52,75,68,DITERIMA
Almeria Jennions,2,49,60,97,DIPERTIMBANGKAN
Wally Spedding,19,45,91,92,DITOLAK
Raimondo Mollen,14,31,98,73,DIPERTIMBANGKAN
Brennen Dealey,21,31,62,100,DITERIMA
Malanie Laste,23,32,87,75,DITERIMA
Tymon Etienne,7,37,86,63,DITERIMA
Imelda Molan,0,34,78,59,DIPERTIMBANGKAN
Emmaline Izhak,17,26,47,100,DIPERTIMBANGKAN
Valentine Foster-Smith,18,38,45,69,DITOLAK
Cyrille Haburne,2,43,92,77,DIPERTIMBANGKAN
Floyd Rushforth,27,45,94,86,DIPERTIMBANGKAN
Quill Gavaghan,0,54,88,49,DITERIMA
Lucita Eggleston,17,31,54,59,DITERIMA
Susie Callander,5,48,55,59,DITOLAK
Micki Guess,30,25,90,69,DITERIMA
Benedetto Helis,24,50,100,53,DIPERTIMBANGKAN
Michal Pettecrew,28,29,70,57,DITERIMA
Angeline Baildon,14,37,72,80,DITERIMA
Izabel Shalders,28,35,50,58,DIPERTIMBANGKAN
Prudi Feary,3,32,95,57,DITOLAK
Gianna Crookston,17,49,98,49,DITERIMA
Helli Verbruggen,25,47,93,67,DITOLAK
Murray Karleman,0,32,86,90,DITOLAK
Aldric O'Garmen,19,38,80,57,DITERIMA
Elonore Balasin,29,27,67,59,DITERIMA
Thatch Rawnsley,7,43,50,74,DIPERTIMBANGKAN
Stephenie Huddleston,24,49,100,100,DITERIMA
Matthus Wanjek,2,39,96,91,DITOLAK
Sammie Duesberry,29,55,97,59,DITOLAK
Reuven Huggard,6,25,72,53,DIPERTIMBANGKAN
Shelley Esp,9,51,65,98,DIPERTIMBANGKAN
Brynna Farnell,20,39,90,49,DITERIMA
Port Charlo,30,28,66,74,DITERIMA
Leora Taig,18,30,46,46,DIPERTIMBANGKAN
Ricki Yewen,7,38,67,58,DITOLAK
Sasha Holmyard,0,35,49,93,DITERIMA
Lee Howes,24,50,75,52,DITERIMA
Newton Rosendale,3,38,97,81,DITOLAK
Celie Casey,13,54,84,88,DIPERTIMBANGKAN
Rhody Linn,14,51,63,74,DITERIMA
Liva Burry,17,46,91,45,DITERIMA
Hanny Fero,18,27,51,94,DITERIMA
Matthieu Anlay,11,36,58,100,DITERIMA
Philly Tallon,28,55,59,81,DITERIMA
Malina Cristofalo,18,49,96,80,DITERIMA
Merrily Wafer,13,26,78,96,DITOLAK
Florry Nafzger,26,45,88,95,DITERIMA
Lindie Brameld,5,52,89,75,DITOLAK
Corey Dockreay,21,49,76,85,DIPERTIMBANGKAN
Whitby Bourke,9,54,81,76,DITOLAK
Rachel Lenney,29,25,87,97,DIPERTIMBANGKAN
Jeniffer Josephov,21,54,47,56,DITERIMA
Hinze Dodshun,6,26,53,82,DITERIMA
Beryl Steinor,29,45,85,77,DITOLAK
Agosto Bleasby,22,29,72,56,DITERIMA
Bethany Bulford,23,44,96,48,DITERIMA
Gracie Pochet,25,46,77,98,DITOLAK
Berry MacAlinden,20,35,50,69,DITOLAK
Malva Twede,2,53,57,75,DITERIMA
Gifford Lindeboom,24,44,83,66,DITERIMA
Grissel Bendon,3,51,68,92,DITERIMA
Madison Essel,4,52,67,78,DIPERTIMBANGKAN
Timmy Dimberline,4,55,99,51,DITOLAK
Tom Wiszniewski,7,46,73,97,DITERIMA
Foster Jakubovits,8,36,51,89,DITERIMA
Stefanie Shelley,21,55,58,79,DITERIMA
Micaela Bolgar,11,38,68,90,DITOLAK
Ashien McGilben,3,41,80,58,DIPERTIMBANGKAN
Jaynell Derye-Barrett,8,27,98,54,DITERIMA
Linell Mariot,20,31,91,46,DITOLAK
Kathy Spieght,14,35,70,61,DITERIMA
Wat Giff,3,53,53,84,DIPERTIMBANGKAN
Foster Goade,0,50,89,90,DITOLAK
Jarib Flieger,24,27,61,60,DIPERTIMBANGKAN
Alyssa Klaes,19,50,81,76,DITERIMA
Brandea Tenpenny,22,52,53,74,DITERIMA
Randall Snugg,18,34,50,58,DIPERTIMBANGKAN
Rebbecca Wilshaw,28,28,92,49,DITOLAK
Wildon Pedican,20,26,61,73,DITOLAK
Benson Woakes,1,35,82,64,DITOLAK
Margi Treanor,10,48,45,89,DIPERTIMBANGKAN
Valaria Fragino,13,53,99,87,DIPERTIMBANGKAN
Tulley Siret,8,47,51,100,DITOLAK
Giraud Condict,4,49,95,61,DITERIMA
Halli Blose,27,36,53,91,DITERIMA
Myrna Chese,6,35,63,85,DITERIMA
Katalin Naldrett,2,26,66,70,DITERIMA
Brittan Enrietto,21,52,71,78,DIPERTIMBANGKAN
Burnard Comben,29,31,87,76,DITERIMA
Giuseppe Menhenitt,9,29,85,90,DIPERTIMBANGKAN
Guendolen Oakman,20,50,88,89,DIPERTIMBANGKAN
Tate Stanbra,1,28,99,60,DIPERTIMBANGKAN
Birk Twiname,0,41,89,55,DITOLAK
Nickolaus Manuaud,28,49,88,58,DIPERTIMBANGKAN
Kippie Mottley,14,38,46,72,DITOLAK
Berthe Denecamp,4,25,72,88,DITOLAK
Patrizia Fitzmaurice,26,36,49,63,DIPERTIMBANGKAN
Isidoro Rounce,27,35,99,58,DIPERTIMBANGKAN
Noah Bennet,30,35,63,46,DITERIMA
Lamar Edlyn,3,38,87,88,DITERIMA
Danyette Sapey,2,25,94,46,DIPERTIMBANGKAN
Rhonda Tavernor,25,46,72,79,DIPERTIMBANGKAN
Gabi Marconi,22,35,96,62,DITOLAK
Hilario Telezhkin,3,54,97,64,DITERIMA
Gaile Ciccotto,6,32,67,90,DIPERTIMBANGKAN
Blakelee Jelf,29,32,51,66,DITERIMA
Desdemona Wedlake,3,41,65,79,DIPERTIMBANGKAN
Ingelbert Tomkinson,8,38,57,85,DIPERTIMBANGKAN
Stanislas Blacksell,17,44,46,75,DIPERTIMBANGKAN
Marleah Pepin,3,48,99,89,DIPERTIMBANGKAN
Vladimir Castagne,17,45,52,70,DITOLAK
Wesley Proudler,12,40,81,71,DITOLAK
Hasheem Brayshay,30,37,59,70,DIPERTIMBANGKAN
Mohandis Sickling,4,45,89,64,DITOLAK
Ofella Waliszewski,20,54,75,84,DIPERTIMBANGKAN
Micki Mullis,7,35,88,89,DITERIMA
Giovanna MacAne,4,31,64,89,DIPERTIMBANGKAN
Page Murrow,24,45,52,74,DITOLAK
Levy Bener,13,38,47,97,DITOLAK
Babara Berthel,3,46,80,49,DITOLAK
Arin Sheaf,27,51,68,81,DITOLAK
Cory Kienlein,6,51,95,67,DIPERTIMBANGKAN
Row Minucci,3,33,47,52,DITOLAK
Robers Cuckoo,26,41,70,68,DITERIMA
Darelle Potter,24,39,81,61,DITOLAK
Marcy Blucher,30,25,63,97,DITOLAK
Papagena Chatainier,6,37,60,97,DITERIMA
Charley Papa,0,34,60,83,DITERIMA
Bari Stillert,22,40,75,72,DITERIMA
Yehudit Bainton,6,52,99,54,DIPERTIMBANGKAN
Nertie Izat,20,32,71,51,DIPERTIMBANGKAN
Ingeberg Vannikov,0,36,53,62,DIPERTIMBANGKAN
Blythe Gillett,11,28,69,97,DITERIMA
Gareth Cluelow,15,40,93,60,DITOLAK
Kendra Belham,22,47,92,69,DIPERTIMBANGKAN
Prescott Haig,24,34,91,90,DITOLAK
Trenton MacCaull,17,33,86,51,DITERIMA
Gena Sambals,20,51,52,92,DITOLAK
Judith Etheridge,7,42,94,69,DITERIMA
Anna-diana Winscom,19,53,72,80,DITERIMA
Rhona Lyster,25,25,88,78,DITERIMA
Husain Pickthorne,11,35,90,61,DIPERTIMBANGKAN
Tildie Merlin,9,27,93,69,DIPERTIMBANGKAN
Carol-jean Havis,19,27,62,65,DITERIMA
Everard Brende,11,46,91,77,DITOLAK
Brewster Ransom,22,51,99,59,DITERIMA
Normand Kynton,7,45,71,70,DITERIMA
Dolores Plaid,27,25,97,54,DITOLAK
Gilberta Keoghan,25,25,95,77,DITERIMA
Carry Frodsham,10,39,87,47,DIPERTIMBANGKAN
Cosme Richardes,6,53,48,90,DITERIMA
Farris Prozescky,3,55,76,79,DITERIMA
Ulrike Wix,22,26,63,59,DITERIMA
Wallis Dorn,5,54,96,57,DIPERTIMBANGKAN
Maurita Kibbel,4,53,48,74,DITOLAK
Zedekiah McLardie,9,27,85,57,DITOLAK
Wilhelmina Moutray Read,17,51,57,54,DIPERTIMBANGKAN
Antonella Dugget,23,38,47,55,DIPERTIMBANGKAN
Tabby Senechell,23,35,53,95,DITOLAK
Sarah Kingzeth,18,54,74,58,DITOLAK
Mame Sackett,2,26,81,73,DIPERTIMBANGKAN
Lamond Lune,11,46,48,76,DIPERTIMBANGKAN
Osmund Begwell,11,33,74,55,DITERIMA
Stephana De Moreno,26,42,100,72,DIPERTIMBANGKAN
Murry O'Keefe,30,34,79,93,DITOLAK
Alicia Goward,0,27,58,84,DITOLAK
Barbey Rydeard,12,54,93,66,DIPERTIMBANGKAN
Monti Bourley,12,33,59,67,DIPERTIMBANGKAN
Codi Kubacek,10,45,65,47,DIPERTIMBANGKAN
Roze MacConnechie,22,32,88,80,DITOLAK
Jonas Kyle,12,25,70,48,DITOLAK
Rina Werner,22,36,74,54,DITOLAK
Fielding Heskin,6,39,98,84,DITOLAK
Annalee Sigge,12,26,97,91,DIPERTIMBANGKAN
Angel Boshier,10,37,92,80,DIPERTIMBANGKAN
Marilyn Corps,2,54,84,74,DIPERTIMBANGKAN
Marylou Sivior,16,25,51,46,DIPERTIMBANGKAN
Codie Hann,20,33,62,62,DITOLAK
Ethelind Bunston,19,25,72,52,DITERIMA
Herve Burwood,22,39,79,48,DITOLAK
Kay O'Mohun,26,53,95,87,DITERIMA
Gerianna Clemson,28,54,97,46,DITERIMA
Ellissa Champkin,30,35,98,94,DITERIMA
Heath Godsafe,15,49,49,69,DITERIMA
Cammie Duthie,25,49,68,51,DITERIMA
Andrej Sweed,24,36,88,81,DIPERTIMBANGKAN
Jarrod Glanders,21,35,95,53,DITOLAK
Briana Forsaith,7,45,46,49,DITOLAK
Addison Yarrall,14,49,66,93,DITERIMA
Bernardo Godlip,30,43,74,62,DIPERTIMBANGKAN
Olympia Davidovicz,0,50,77,58,DITERIMA
Wye Carberry,3,46,61,66,DITOLAK
Barret Bothram,18,36,94,96,DIPERTIMBANGKAN
Johannes Fieller,3,32,66,53,DITERIMA
Curtice Cordelette,0,55,84,84,DITOLAK
Marti Tolomio,7,37,64,70,DIPERTIMBANGKAN
Dorthea Potebury,6,31,59,51,DIPERTIMBANGKAN
Dorry Tettersell,9,27,98,90,DITOLAK
Gerrilee Sey,7,49,95,80,DITOLAK
Dinny Parkyns,1,26,77,47,DITOLAK
Muire Loynes,14,50,79,81,DIPERTIMBANGKAN
Rosetta Vergo,6,55,63,45,DIPERTIMBANGKAN
Fernanda Fisbey,13,45,56,62,DIPERTIMBANGKAN
Lisabeth Poon,1,50,96,80,DITOLAK
Lawrence Pidgeley,8,41,74,69,DIPERTIMBANGKAN
Carlee Gioan,24,27,81,64,DITOLAK
Zeb Jessopp,27,43,45,53,DITOLAK
Celestyn Paunsford,0,51,54,89,DITOLAK
Faustina Blenkin,10,49,80,78,DITERIMA
Jerrie Gwyther,23,49,90,65,DIPERTIMBANGKAN
Christabel Follows,18,35,88,57,DITOLAK
Carina Gash,29,38,48,53,DITOLAK
Sascha Geist,27,38,97,69,DIPERTIMBANGKAN
Heall Monnery,9,33,96,66,DITOLAK
Stace Kermannes,18,29,90,99,DIPERTIMBANGKAN
Romain Strang,0,43,93,68,DITERIMA
Christina Huetson,15,44,69,54,DITERIMA
Shalne Lehrian,2,52,70,96,DITOLAK
Gretta Bingle,0,36,77,72,DITOLAK
Liuka Matherson,20,38,56,98,DIPERTIMBANGKAN
Vernen Benezeit,10,26,46,62,DITOLAK
Winna Woolland,11,27,66,57,DITERIMA
Rowland Reggiani,18,26,84,50,DIPERTIMBANGKAN
Morissa Kendell,22,53,94,71,DIPERTIMBANGKAN
Calvin Overill,17,39,59,87,DIPERTIMBANGKAN
Noby Campey,28,54,45,86,DITERIMA
Engracia Alcorn,6,34,75,88,DITERIMA
Zebulen Zorzi,29,52,78,82,DITOLAK
Luigi Sheivels,3,36,62,89,DIPERTIMBANGKAN
Millisent Humbee,28,43,90,68,DITOLAK
Josefina Greger,14,29,45,48,DITERIMA
Marieann Doore,25,41,83,50,DIPERTIMBANGKAN
Simon Tweedell,6,33,80,62,DITERIMA
Lezley Prendeguest,24,53,78,82,DITOLAK
Athena Eacle,10,42,71,86,DITERIMA
Kiley Hierro,5,41,45,62,DIPERTIMBANGKAN
Hertha Bertson,2,44,90,95,DIPERTIMBANGKAN
Camille Brewitt,13,44,55,86,DITOLAK
Marcelline Tefft,16,32,92,69,DITOLAK
Tyrus Kix,1,30,55,51,DITOLAK
Rici Woodus,16,27,69,57,DIPERTIMBANGKAN
Johnathan Mottershead,29,43,90,64,DITOLAK
Barry Grumbridge,11,54,61,74,DITOLAK
Cecil Brisard,29,51,69,51,DITOLAK
Nefen Minichi,0,36,59,53,DITERIMA
Bartholemy Impett,22,29,96,46,DITERIMA
Yolane Ivasyushkin,26,39,83,57,DITOLAK
Junie Le Lievre,24,33,100,48,DIPERTIMBANGKAN
Ado Forshaw,14,46,54,66,DITERIMA
Giraldo Matyas,27,48,57,73,DITOLAK
Jeanine Trigg,6,47,57,50,DITERIMA
Misty Van Salzberger,12,51,63,94,DIPERTIMBANGKAN
Ashlen McGibbon,24,34,64,88,DITERIMA
Merla Orans,6,46,86,60,DITERIMA
Concettina Abeles,27,25,85,64,DITOLAK
Kincaid Cardno,7,51,97,51,DITERIMA
Bobbi Sheilds,22,25,51,56,DIPERTIMBANGKAN
Dell Monard,15,48,48,52,DITOLAK
Oliver Claw,0,30,96,45,DITERIMA
Kacey Kissack,19,26,58,90,DIPERTIMBANGKAN
Margret Dinnage,23,54,94,60,DITERIMA
Aland Joslow,8,26,73,71,DIPERTIMBANGKAN
Miguel Puddan,27,29,96,97,DITERIMA
Rutter Clemencet,18,50,71,90,DITOLAK
Stephanus Peddersen,2,41,59,47,DIPERTIMBANGKAN
Petronilla Maylour,18,55,54,52,DITOLAK
Sanderson Bramwell,22,30,45,69,DITOLAK
Bevvy Wickey,0,55,88,56,DITOLAK
Emmie Camel,13,55,60,96,DITOLAK
Mozes Durtnall,9,41,56,52,DIPERTIMBANGKAN
Ingram Breede,6,34,65,46,DITERIMA
Bendite Camellini,26,42,81,74,DITOLAK
Isabel Hogben,14,27,51,100,DIPERTIMBANGKAN
Darill Tomkins,10,42,56,94,DIPERTIMBANGKAN
Yelena Gilford,29,28,82,86,DITOLAK
Nil Willment,28,25,63,57,DITOLAK
Susanetta Duplock,3,49,45,92,DITERIMA
Farley Gilston,23,37,78,92,DIPERTIMBANGKAN
Myrna Sall,14,29,91,67,DITERIMA
Justinian McGiffie,7,30,94,99,DITOLAK
Noel Kimbley,8,44,94,59,DIPERTIMBANGKAN
Sissy Leipoldt,3,53,61,57,DIPERTIMBANGKAN
Marja Lammerding,21,50,94,96,DITOLAK
Margarita Sheals,6,26,87,95,DIPERTIMBANGKAN
Nert Paty,28,37,60,97,DITERIMA
Freddy Hacket,7,33,73,88,DITOLAK
Tam Camber,10,36,100,78,DITOLAK
Park Macci,10,44,64,48,DITOLAK
Gerri Glasheen,20,45,55,91,DIPERTIMBANGKAN
Dyanne Wadge,13,48,91,69,DITOLAK
Inglebert Izacenko,25,40,70,92,DITERIMA
Adamo Dionisio,17,43,62,84,DITOLAK
Casey O'Tuohy,8,25,97,66,DIPERTIMBANGKAN
Baird Honnan,2,40,89,58,DITERIMA
Rebeka Pezey,24,45,85,99,DIPERTIMBANGKAN
Camey Giraudat,29,40,56,89,DITERIMA
Bret Rozalski,2,50,91,78,DITOLAK
Hilde Maryin,13,53,73,48,DITERIMA
Tessy Gravell,19,47,76,60,DITOLAK
Sascha Partleton,6,37,81,49,DIPERTIMBANGKAN
Jeanie Lashford,22,28,51,72,DITOLAK
Jodie Bonder,5,29,89,82,DITOLAK
Salomo Follet,4,48,96,89,DIPERTIMBANGKAN
Tomasine Abelson,4,41,45,74,DITOLAK
Reta Mertel,12,55,73,69,DIPERTIMBANGKAN
Conrado Nolda,14,40,96,63,DITERIMA
Bayard Demougeot,11,44,97,79,DITERIMA
Lulita Doxsey,9,39,93,59,DIPERTIMBANGKAN
Celestyn Scala,7,39,47,95,DITOLAK
Alexine Fiddler,28,54,49,84,DITERIMA
Maureen Siveter,4,25,89,72,DIPERTIMBANGKAN
Latisha Solleme,13,55,73,100,DIPERTIMBANGKAN
Ferguson Stains,0,53,82,69,DIPERTIMBANGKAN
Lenora Birwhistle,10,53,62,45,DITERIMA
Eyde Rucklidge,9,53,65,54,DITERIMA
Estevan Colten,25,25,66,85,DITOLAK
Barbra Reppaport,14,44,98,86,DIPERTIMBANGKAN
Noah Petters,28,38,57,72,DITERIMA
Raffarty Sedgeworth,12,36,83,63,DITOLAK
Camala de Copeman,2,34,53,96,DIPERTIMBANGKAN
Ignatius Garaway,22,30,60,76,DIPERTIMBANGKAN
Cybil Garwood,30,51,58,62,DITERIMA
Wiatt Gresser,21,53,79,52,DIPERTIMBANGKAN
Maury Kingett,20,39,52,68,DITERIMA
Philippine Tate,23,55,74,87,DITOLAK
Ruby Dunnett,22,55,79,97,DIPERTIMBANGKAN
Harriette Callendar,8,53,94,52,DITERIMA
Jeth Ballsdon,14,27,49,52,DITERIMA
Enrica Selley,4,36,76,58,DIPERTIMBANGKAN
Garwood Markie,25,54,62,72,DITOLAK
Tulley Dudson,29,51,62,79,DITERIMA
Deny Brauns,20,42,52,100,DITERIMA
Calida Rowlings,11,30,63,71,DITOLAK
Ivonne Kern,19,46,74,47,DITERIMA
Hester Bernaciak,12,31,51,47,DIPERTIMBANGKAN
Rozanne Ivanchenkov,27,50,52,48,DITOLAK
Frederick Lancley,3,30,54,86,DITERIMA
Justen McAlroy,13,44,59,90,DITOLAK
Byram Boissier,16,46,73,98,DITERIMA
Tawnya Blakeden,28,27,56,65,DITOLAK
Andi Olenov,24,51,71,82,DITERIMA
Saw Blunsum,16,41,67,98,DITOLAK
Merrilee Wones,29,35,78,60,DITOLAK
Freddy Puddicombe,12,28,45,76,DITERIMA
Krissy Holyard,7,33,91,60,DITOLAK
Basil Shemmin,18,29,86,99,DITERIMA
Der Sharpin,18,32,72,88,DITOLAK
Filmer McKeaveney,6,26,80,45,DIPERTIMBANGKAN
Beaufort Chooter,1,39,58,64,DITOLAK
Eldredge Robb,12,29,86,69,DIPERTIMBANGKAN
Sterne Upjohn,4,32,90,63,DIPERTIMBANGKAN
Jo ann Bereford,17,53,99,96,DITOLAK
Archibaldo Lathwood,14,25,87,51,DITERIMA
Alverta Pyne,14,54,64,91,DIPERTIMBANGKAN
Sterne Rumbellow,25,50,59,59,DIPERTIMBANGKAN
Dotty Iddenden,5,46,56,59,DITERIMA
Ramon Kippie,16,36,48,48,DITOLAK
Sidoney Dannel,30,44,99,96,DIPERTIMBANGKAN
Carlina Ormshaw,12,43,50,63,DITOLAK
Gordon Keoghan,10,31,91,55,DITOLAK
Valina Faircloth,2,46,58,87,DITERIMA
Vernice Heasman,23,42,79,100,DITOLAK
Kakalina Le Barr,22,27,54,71,DITERIMA
Betteann Rash,12,39,53,93,DITERIMA
Gennifer Gowler,17,36,89,98,DITOLAK
Betta Samuel,23,34,71,51,DIPERTIMBANGKAN
Jacintha Egan,13,38,68,63,DIPERTIMBANGKAN
Herve Albone,10,47,50,45,DITERIMA
Flor Kolodziej,24,53,77,47,DITOLAK
Orrin Boothebie,4,53,55,75,DITERIMA
Humphrey Sammonds,25,27,45,53,DITOLAK
Carlota Mabson,20,48,65,80,DITOLAK
Donni Peare,22,44,60,58,DITERIMA
Franklyn Beirne,12,30,47,82,DIPERTIMBANGKAN
Lurline Whisby,21,33,88,46,DIPERTIMBANGKAN
Rebekkah Looks,22,42,55,46,DIPERTIMBANGKAN
Faun Cutten,12,49,81,51,DIPERTIMBANGKAN
Sansone Hansel,25,30,46,69,DITOLAK
Michel Shillington,21,49,79,53,DITOLAK
Crissy Canizares,22,35,59,52,DITERIMA
Terrie Boylan,19,49,48,77,DITERIMA
Jada Ryhorovich,9,27,48,46,DIPERTIMBANGKAN
